<?xml version="1.0"?>
<BillOfMaterials Version="1" Minor="2">
  <IPInstance name="io_clock_gen">
    <FileSets>
      <FileSet generator="apply_current_project_options_generator">
        <File name="./apply_current_project_options_generator.xlog" type="ignore" timestamp="Tue May 28 18:29:08 GMT 2013" checksum="0xFFFFFFFF"></File>
      </FileSet>
      <FileSet generator="model_parameter_resolution_generator">
        <File name="./model_parameter_resolution_generator.xlog" type="ignore" timestamp="Tue May 28 18:29:08 GMT 2013" checksum="0xFFFFFFFF"></File>
      </FileSet>
      <FileSet generator="ip_xco_generator">
        <File name="./io_clock_gen.xco" type="xco" timestamp="Tue May 28 18:28:25 GMT 2013" checksum="0x7BF159B8"></File>
      </FileSet>
      <FileSet generator="tcl_flow_generator">
        <File name="./io_clock_gen/example_design/io_clock_gen_exdes.ucf" type="ucf" timestamp="Tue May 28 18:28:34 GMT 2013" checksum="0x1AB3BE73"></File>
        <File name="./io_clock_gen/example_design/io_clock_gen_exdes.v" type="verilog" timestamp="Tue May 28 18:28:26 GMT 2013" checksum="0xA93D657F"></File>
        <File name="./io_clock_gen/example_design/io_clock_gen_exdes.xdc" type="ignore" timestamp="Tue May 28 18:28:34 GMT 2013" checksum="0xF097118E"></File>
        <File name="./io_clock_gen/implement/implement.bat" type="ignore" timestamp="Tue May 28 18:28:34 GMT 2013" checksum="0xE21A68C4"></File>
        <File name="./io_clock_gen/implement/implement.sh" type="ignore" timestamp="Tue May 28 18:28:33 GMT 2013" checksum="0xE5A5A0FC"></File>
        <File name="./io_clock_gen/implement/planAhead_ise.bat" type="ignore" timestamp="Tue May 28 18:28:32 GMT 2013" checksum="0x6966A508"></File>
        <File name="./io_clock_gen/implement/planAhead_ise.sh" type="ignore" timestamp="Tue May 28 18:28:32 GMT 2013" checksum="0x7F8B5943"></File>
        <File name="./io_clock_gen/implement/planAhead_ise.tcl" type="ignore" timestamp="Tue May 28 18:28:33 GMT 2013" checksum="0x7B3ECC73"></File>
        <File name="./io_clock_gen/implement/planAhead_rdn.bat" type="ignore" timestamp="Tue May 28 18:28:33 GMT 2013" checksum="0xB9373CFA"></File>
        <File name="./io_clock_gen/implement/planAhead_rdn.sh" type="ignore" timestamp="Tue May 28 18:28:33 GMT 2013" checksum="0xDCE9D96C"></File>
        <File name="./io_clock_gen/implement/planAhead_rdn.tcl" type="ignore" timestamp="Tue May 28 18:28:33 GMT 2013" checksum="0xCAA1C50C"></File>
        <File name="./io_clock_gen/implement/xst.prj" type="ignore" timestamp="Tue May 28 18:28:35 GMT 2013" checksum="0x467BC6A0"></File>
        <File name="./io_clock_gen/implement/xst.scr" type="ignore" timestamp="Tue May 28 18:28:35 GMT 2013" checksum="0xE1D08C2B"></File>
        <File name="./io_clock_gen/simulation/functional/simcmds.tcl" type="ignore" timestamp="Tue May 28 18:28:30 GMT 2013" checksum="0xDFEB73AD"></File>
        <File name="./io_clock_gen/simulation/functional/simulate_isim.bat" type="ignore" timestamp="Tue May 28 18:28:30 GMT 2013" checksum="0x437588E6"></File>
        <File name="./io_clock_gen/simulation/functional/simulate_isim.sh" type="ignore" timestamp="Tue May 28 18:28:30 GMT 2013" checksum="0x2089DA27"></File>
        <File name="./io_clock_gen/simulation/functional/simulate_mti.bat" type="ignore" timestamp="Tue May 28 18:28:28 GMT 2013" checksum="0x0C9926B6"></File>
        <File name="./io_clock_gen/simulation/functional/simulate_mti.do" type="ignore" timestamp="Tue May 28 18:28:28 GMT 2013" checksum="0x72D51ABE"></File>
        <File name="./io_clock_gen/simulation/functional/simulate_mti.sh" type="ignore" timestamp="Tue May 28 18:28:28 GMT 2013" checksum="0x94FA105E"></File>
        <File name="./io_clock_gen/simulation/functional/simulate_ncsim.sh" type="ignore" timestamp="Tue May 28 18:28:29 GMT 2013" checksum="0xA64CB682"></File>
        <File name="./io_clock_gen/simulation/functional/simulate_vcs.sh" type="ignore" timestamp="Tue May 28 18:28:31 GMT 2013" checksum="0x67A20E8F"></File>
        <File name="./io_clock_gen/simulation/functional/ucli_commands.key" type="ignore" timestamp="Tue May 28 18:28:31 GMT 2013" checksum="0x7DF550AE"></File>
        <File name="./io_clock_gen/simulation/functional/vcs_session.tcl" type="ignore" timestamp="Tue May 28 18:28:31 GMT 2013" checksum="0x10B6A823"></File>
        <File name="./io_clock_gen/simulation/functional/wave.do" type="ignore" timestamp="Tue May 28 18:28:29 GMT 2013" checksum="0xEC9BA4B3"></File>
        <File name="./io_clock_gen/simulation/functional/wave.sv" type="ignore" timestamp="Tue May 28 18:28:30 GMT 2013" checksum="0xB51E704C"></File>
        <File name="./io_clock_gen/simulation/io_clock_gen_tb.v" type="ignore" timestamp="Tue May 28 18:28:26 GMT 2013" checksum="0xF1EE797E"></File>
        <File name="./io_clock_gen/simulation/timing/io_clock_gen_tb.v" type="ignore" timestamp="Tue May 28 18:28:26 GMT 2013" checksum="0xBC44BCFD"></File>
        <File name="./io_clock_gen/simulation/timing/sdf_cmd_file" type="ignore" timestamp="Tue May 28 18:28:30 GMT 2013" checksum="0x2C38788B"></File>
        <File name="./io_clock_gen/simulation/timing/simcmds.tcl" type="ignore" timestamp="Tue May 28 18:28:31 GMT 2013" checksum="0x3E7321DE"></File>
        <File name="./io_clock_gen/simulation/timing/simulate_isim.sh" type="ignore" timestamp="Tue May 28 18:28:31 GMT 2013" checksum="0xD48CCB30"></File>
        <File name="./io_clock_gen/simulation/timing/simulate_mti.bat" type="ignore" timestamp="Tue May 28 18:28:28 GMT 2013" checksum="0xF86EB38E"></File>
        <File name="./io_clock_gen/simulation/timing/simulate_mti.do" type="ignore" timestamp="Tue May 28 18:28:29 GMT 2013" checksum="0x5B593E51"></File>
        <File name="./io_clock_gen/simulation/timing/simulate_mti.sh" type="ignore" timestamp="Tue May 28 18:28:28 GMT 2013" checksum="0xE444CCE9"></File>
        <File name="./io_clock_gen/simulation/timing/simulate_ncsim.sh" type="ignore" timestamp="Tue May 28 18:28:29 GMT 2013" checksum="0x21359692"></File>
        <File name="./io_clock_gen/simulation/timing/simulate_vcs.sh" type="ignore" timestamp="Tue May 28 18:28:32 GMT 2013" checksum="0xFA7508E0"></File>
        <File name="./io_clock_gen/simulation/timing/ucli_commands.key" type="ignore" timestamp="Tue May 28 18:28:32 GMT 2013" checksum="0x9DC0E037"></File>
        <File name="./io_clock_gen/simulation/timing/vcs_session.tcl" type="ignore" timestamp="Tue May 28 18:28:32 GMT 2013" checksum="0x28340249"></File>
        <File name="./io_clock_gen/simulation/timing/wave.do" type="ignore" timestamp="Tue May 28 18:28:29 GMT 2013" checksum="0x3261644D"></File>
        <File name="./io_clock_gen.ucf" type="ignore" timestamp="Tue May 28 18:28:34 GMT 2013" checksum="0xCD1429F9"></File>
        <File name="./io_clock_gen.v" type="verilog" timestamp="Tue May 28 18:28:25 GMT 2013" checksum="0xBCC7B39D"></File>
        <File name="./io_clock_gen.veo" type="veo" timestamp="Tue May 28 18:28:27 GMT 2013" checksum="0x546505AA"></File>
        <File name="./io_clock_gen.xdc" type="ignore" timestamp="Tue May 28 18:28:34 GMT 2013" checksum="0xE96B2AD1"></File>
        <File name="./io_clock_gen_xmdf.tcl" type="tcl" timestamp="Tue May 28 18:28:27 GMT 2013" checksum="0xF94CA086"></File>
      </FileSet>
      <FileSet generator="associated_files_generator">
        <File name="./io_clock_gen/clk_wiz_v3_6_readme.txt" type="ignore" timestamp="Tue Dec 18 05:13:02 GMT 2012" checksum="0xBC2B1089"></File>
      </FileSet>
      <FileSet generator="ejava_generator">
        <File name="./io_clock_gen/example_design/io_clock_gen_exdes.ucf" type="ucf" timestamp="Tue May 28 18:28:37 GMT 2013" checksum="0x1AB3BE73"></File>
        <File name="./io_clock_gen/example_design/io_clock_gen_exdes.v" type="verilog" timestamp="Tue May 28 18:28:36 GMT 2013" checksum="0xA93D657F"></File>
        <File name="./io_clock_gen/example_design/io_clock_gen_exdes.xdc" type="ignore" timestamp="Tue May 28 18:28:37 GMT 2013" checksum="0xF097118E"></File>
        <File name="./io_clock_gen/implement/implement.bat" type="ignore" timestamp="Tue May 28 18:28:36 GMT 2013" checksum="0xE21A68C4"></File>
        <File name="./io_clock_gen/implement/implement.sh" type="ignore" timestamp="Tue May 28 18:28:36 GMT 2013" checksum="0xE5A5A0FC"></File>
        <File name="./io_clock_gen/implement/planAhead_ise.bat" type="ignore" timestamp="Tue May 28 18:28:36 GMT 2013" checksum="0x6966A508"></File>
        <File name="./io_clock_gen/implement/planAhead_ise.sh" type="ignore" timestamp="Tue May 28 18:28:36 GMT 2013" checksum="0x7F8B5943"></File>
        <File name="./io_clock_gen/implement/planAhead_ise.tcl" type="ignore" timestamp="Tue May 28 18:28:36 GMT 2013" checksum="0x7B3ECC73"></File>
        <File name="./io_clock_gen/implement/planAhead_rdn.bat" type="ignore" timestamp="Tue May 28 18:28:36 GMT 2013" checksum="0xB9373CFA"></File>
        <File name="./io_clock_gen/implement/planAhead_rdn.sh" type="ignore" timestamp="Tue May 28 18:28:36 GMT 2013" checksum="0xDCE9D96C"></File>
        <File name="./io_clock_gen/implement/planAhead_rdn.tcl" type="ignore" timestamp="Tue May 28 18:28:36 GMT 2013" checksum="0xCAA1C50C"></File>
        <File name="./io_clock_gen/implement/xst.prj" type="ignore" timestamp="Tue May 28 18:28:37 GMT 2013" checksum="0x467BC6A0"></File>
        <File name="./io_clock_gen/implement/xst.scr" type="ignore" timestamp="Tue May 28 18:28:37 GMT 2013" checksum="0xE1D08C2B"></File>
        <File name="./io_clock_gen/simulation/functional/simcmds.tcl" type="ignore" timestamp="Tue May 28 18:28:36 GMT 2013" checksum="0xDFEB73AD"></File>
        <File name="./io_clock_gen/simulation/functional/simulate_isim.bat" type="ignore" timestamp="Tue May 28 18:28:36 GMT 2013" checksum="0x437588E6"></File>
        <File name="./io_clock_gen/simulation/functional/simulate_isim.sh" type="ignore" timestamp="Tue May 28 18:28:36 GMT 2013" checksum="0x2089DA27"></File>
        <File name="./io_clock_gen/simulation/functional/simulate_mti.bat" type="ignore" timestamp="Tue May 28 18:28:36 GMT 2013" checksum="0x0C9926B6"></File>
        <File name="./io_clock_gen/simulation/functional/simulate_mti.do" type="ignore" timestamp="Tue May 28 18:28:37 GMT 2013" checksum="0x72D51ABE"></File>
        <File name="./io_clock_gen/simulation/functional/simulate_mti.sh" type="ignore" timestamp="Tue May 28 18:28:36 GMT 2013" checksum="0x94FA105E"></File>
        <File name="./io_clock_gen/simulation/functional/simulate_ncsim.sh" type="ignore" timestamp="Tue May 28 18:28:37 GMT 2013" checksum="0xA64CB682"></File>
        <File name="./io_clock_gen/simulation/functional/simulate_vcs.sh" type="ignore" timestamp="Tue May 28 18:28:37 GMT 2013" checksum="0x67A20E8F"></File>
        <File name="./io_clock_gen/simulation/functional/ucli_commands.key" type="ignore" timestamp="Tue May 28 18:28:37 GMT 2013" checksum="0x7DF550AE"></File>
        <File name="./io_clock_gen/simulation/functional/vcs_session.tcl" type="ignore" timestamp="Tue May 28 18:28:37 GMT 2013" checksum="0x10B6A823"></File>
        <File name="./io_clock_gen/simulation/functional/wave.do" type="ignore" timestamp="Tue May 28 18:28:37 GMT 2013" checksum="0xEC9BA4B3"></File>
        <File name="./io_clock_gen/simulation/functional/wave.sv" type="ignore" timestamp="Tue May 28 18:28:37 GMT 2013" checksum="0xB51E704C"></File>
        <File name="./io_clock_gen/simulation/io_clock_gen_tb.v" type="ignore" timestamp="Tue May 28 18:28:37 GMT 2013" checksum="0xF1EE797E"></File>
        <File name="./io_clock_gen/simulation/timing/io_clock_gen_tb.v" type="ignore" timestamp="Tue May 28 18:28:37 GMT 2013" checksum="0xBC44BCFD"></File>
        <File name="./io_clock_gen/simulation/timing/sdf_cmd_file" type="ignore" timestamp="Tue May 28 18:28:36 GMT 2013" checksum="0x2C38788B"></File>
        <File name="./io_clock_gen/simulation/timing/simcmds.tcl" type="ignore" timestamp="Tue May 28 18:28:36 GMT 2013" checksum="0x3E7321DE"></File>
        <File name="./io_clock_gen/simulation/timing/simulate_isim.sh" type="ignore" timestamp="Tue May 28 18:28:36 GMT 2013" checksum="0xD48CCB30"></File>
        <File name="./io_clock_gen/simulation/timing/simulate_mti.bat" type="ignore" timestamp="Tue May 28 18:28:37 GMT 2013" checksum="0xF86EB38E"></File>
        <File name="./io_clock_gen/simulation/timing/simulate_mti.do" type="ignore" timestamp="Tue May 28 18:28:37 GMT 2013" checksum="0x5B593E51"></File>
        <File name="./io_clock_gen/simulation/timing/simulate_mti.sh" type="ignore" timestamp="Tue May 28 18:28:36 GMT 2013" checksum="0xE444CCE9"></File>
        <File name="./io_clock_gen/simulation/timing/simulate_ncsim.sh" type="ignore" timestamp="Tue May 28 18:28:37 GMT 2013" checksum="0x21359692"></File>
        <File name="./io_clock_gen/simulation/timing/simulate_vcs.sh" type="ignore" timestamp="Tue May 28 18:28:37 GMT 2013" checksum="0xFA7508E0"></File>
        <File name="./io_clock_gen/simulation/timing/ucli_commands.key" type="ignore" timestamp="Tue May 28 18:28:37 GMT 2013" checksum="0x9DC0E037"></File>
        <File name="./io_clock_gen/simulation/timing/vcs_session.tcl" type="ignore" timestamp="Tue May 28 18:28:37 GMT 2013" checksum="0x28340249"></File>
        <File name="./io_clock_gen/simulation/timing/wave.do" type="ignore" timestamp="Tue May 28 18:28:37 GMT 2013" checksum="0x3261644D"></File>
        <File name="./io_clock_gen.ucf" type="ignore" timestamp="Tue May 28 18:28:37 GMT 2013" checksum="0xCD1429F9"></File>
        <File name="./io_clock_gen.v" type="verilog" timestamp="Tue May 28 18:28:36 GMT 2013" checksum="0xBCC7B39D"></File>
        <File name="./io_clock_gen.veo" type="veo" timestamp="Tue May 28 18:28:37 GMT 2013" checksum="0x546505AA"></File>
        <File name="./io_clock_gen.xdc" type="ignore" timestamp="Tue May 28 18:28:37 GMT 2013" checksum="0xE96B2AD1"></File>
        <File name="./io_clock_gen_xmdf.tcl" type="tcl" timestamp="Tue May 28 18:28:37 GMT 2013" checksum="0xF94CA086"></File>
      </FileSet>
      <FileSet generator="all_documents_generator">
        <File name="./io_clock_gen/doc/clk_wiz_v3_6_readme.txt" type="ignore" timestamp="Tue May 28 18:28:41 GMT 2013" checksum="0xBC2B1089"></File>
        <File name="./io_clock_gen/doc/clk_wiz_v3_6_vinfo.html" type="ignore" timestamp="Tue May 28 18:28:41 GMT 2013" checksum="0x5F1E9266"></File>
        <File name="./io_clock_gen/doc/pg065_clk_wiz.pdf" type="ignore" timestamp="Tue May 28 18:28:41 GMT 2013" checksum="0xCE1EE896"></File>
      </FileSet>
      <FileSet generator="readme_documents_generator">
        <File name="./readme_documents_generator.xlog" type="ignore" timestamp="Tue May 28 18:29:08 GMT 2013" checksum="0xFFFFFFFF"></File>
      </FileSet>
      <FileSet generator="asy_generator">
        <File name="./io_clock_gen.asy" type="asy" timestamp="Tue May 28 18:29:02 GMT 2013" checksum="0x1ABAD2C7"></File>
      </FileSet>
      <FileSet generator="ise_generator">
        <File name="./io_clock_gen.gise" type="ignore" timestamp="Tue May 28 18:29:07 GMT 2013" checksum="0x5D95B7BF"></File>
        <File name="./io_clock_gen.xise" type="ignore" timestamp="Tue May 28 18:29:07 GMT 2013" checksum="0x2BA18334"></File>
      </FileSet>
      <FileSet generator="deliver_readme_generator">
        <File name="./deliver_readme_generator.xlog" type="ignore" timestamp="Tue May 28 18:29:08 GMT 2013" checksum="0xFFFFFFFF"></File>
      </FileSet>
      <FileSet generator="flist_generator">
        <File name="./io_clock_gen_flist.txt" type="ignore" timestamp="Tue May 28 18:29:07 GMT 2013" checksum="0x7A19D197"></File>
      </FileSet>
    </FileSets>
  </IPInstance>
</BillOfMaterials>
