<?xml version="1.0" encoding="UTF-8"?>
<spirit:abstractionDefinition xmlns:xilinx="http://www.xilinx.com" xmlns:spirit="http://www.spiritconsortium.org/XMLSchema/SPIRIT/1685-2009" xmlns:xsi="http://www.w3.org/2001/XMLSchema-instance">
  <spirit:vendor>adapteva.com</spirit:vendor>
  <spirit:library>interface</spirit:library>
  <spirit:name>eLink_rtl</spirit:name>
  <spirit:version>1.0</spirit:version>
  <spirit:busType spirit:vendor="adapteva.com" spirit:library="interface" spirit:name="eLink" spirit:version="1.0"/>
  <spirit:ports>
    <spirit:port>
      <spirit:logicalName>data_p</spirit:logicalName>
      <spirit:description>Data</spirit:description>
      <spirit:wire>
        <spirit:qualifier>
          <spirit:isData>true</spirit:isData>
        </spirit:qualifier>
        <spirit:onMaster>
          <spirit:presence>required</spirit:presence>
          <spirit:width>8</spirit:width>
        </spirit:onMaster>
        <spirit:onSlave>
          <spirit:presence>required</spirit:presence>
          <spirit:width>8</spirit:width>
          <spirit:direction>in</spirit:direction>
        </spirit:onSlave>
        <spirit:defaultValue>0</spirit:defaultValue>
      </spirit:wire>
    </spirit:port>
    <spirit:port>
      <spirit:logicalName>data_n</spirit:logicalName>
      <spirit:description>Data</spirit:description>
      <spirit:wire>
        <spirit:qualifier>
          <spirit:isData>true</spirit:isData>
        </spirit:qualifier>
        <spirit:onMaster>
          <spirit:presence>required</spirit:presence>
          <spirit:width>8</spirit:width>
        </spirit:onMaster>
        <spirit:onSlave>
          <spirit:presence>required</spirit:presence>
          <spirit:width>8</spirit:width>
          <spirit:direction>in</spirit:direction>
        </spirit:onSlave>
        <spirit:defaultValue>255</spirit:defaultValue>
      </spirit:wire>
    </spirit:port>
    <spirit:port>
      <spirit:logicalName>frame_p</spirit:logicalName>
      <spirit:description>Frame</spirit:description>
      <spirit:wire>
        <spirit:onMaster>
          <spirit:presence>required</spirit:presence>
          <spirit:width>1</spirit:width>
        </spirit:onMaster>
        <spirit:onSlave>
          <spirit:presence>required</spirit:presence>
          <spirit:width>1</spirit:width>
          <spirit:direction>in</spirit:direction>
        </spirit:onSlave>
        <spirit:defaultValue>0</spirit:defaultValue>
      </spirit:wire>
    </spirit:port>
    <spirit:port>
      <spirit:logicalName>frame_n</spirit:logicalName>
      <spirit:description>Frame</spirit:description>
      <spirit:wire>
        <spirit:onMaster>
          <spirit:presence>required</spirit:presence>
          <spirit:width>1</spirit:width>
        </spirit:onMaster>
        <spirit:onSlave>
          <spirit:presence>required</spirit:presence>
          <spirit:width>1</spirit:width>
          <spirit:direction>in</spirit:direction>
        </spirit:onSlave>
        <spirit:defaultValue>1</spirit:defaultValue>
      </spirit:wire>
    </spirit:port>
    <spirit:port>
      <spirit:logicalName>lclk_p</spirit:logicalName>
      <spirit:description>Clock</spirit:description>
      <spirit:wire>
        <spirit:qualifier>
          <spirit:isClock>true</spirit:isClock>
        </spirit:qualifier>
        <spirit:onMaster>
          <spirit:presence>required</spirit:presence>
          <spirit:width>1</spirit:width>
        </spirit:onMaster>
        <spirit:onSlave>
          <spirit:presence>required</spirit:presence>
          <spirit:width>1</spirit:width>
          <spirit:direction>in</spirit:direction>
        </spirit:onSlave>
        <spirit:defaultValue>0</spirit:defaultValue>
      </spirit:wire>
    </spirit:port>
    <spirit:port>
      <spirit:logicalName>lclk_n</spirit:logicalName>
      <spirit:description>Clock</spirit:description>
      <spirit:wire>
        <spirit:qualifier>
          <spirit:isClock>true</spirit:isClock>
        </spirit:qualifier>
        <spirit:onMaster>
          <spirit:presence>required</spirit:presence>
          <spirit:width>1</spirit:width>
        </spirit:onMaster>
        <spirit:onSlave>
          <spirit:presence>required</spirit:presence>
          <spirit:width>1</spirit:width>
          <spirit:direction>in</spirit:direction>
        </spirit:onSlave>
        <spirit:defaultValue>1</spirit:defaultValue>
      </spirit:wire>
    </spirit:port>
    <spirit:port>
      <spirit:logicalName>wr_wait_p</spirit:logicalName>
      <spirit:description>Write Wait</spirit:description>
      <spirit:wire>
        <spirit:onMaster>
          <spirit:presence>required</spirit:presence>
          <spirit:width>1</spirit:width>
          <spirit:direction>in</spirit:direction>
        </spirit:onMaster>
        <spirit:onSlave>
          <spirit:presence>required</spirit:presence>
          <spirit:width>1</spirit:width>
        </spirit:onSlave>
        <spirit:defaultValue>0</spirit:defaultValue>
      </spirit:wire>
    </spirit:port>
    <spirit:port>
      <spirit:logicalName>wr_wait_n</spirit:logicalName>
      <spirit:description>Write Wait</spirit:description>
      <spirit:wire>
        <spirit:onMaster>
          <spirit:presence>required</spirit:presence>
          <spirit:width>1</spirit:width>
          <spirit:direction>in</spirit:direction>
        </spirit:onMaster>
        <spirit:onSlave>
          <spirit:presence>required</spirit:presence>
          <spirit:width>1</spirit:width>
        </spirit:onSlave>
        <spirit:defaultValue>1</spirit:defaultValue>
      </spirit:wire>
    </spirit:port>
    <spirit:port>
      <spirit:logicalName>rd_wait_p</spirit:logicalName>
      <spirit:description>Read Wait</spirit:description>
      <spirit:wire>
        <spirit:onMaster>
          <spirit:presence>required</spirit:presence>
          <spirit:width>1</spirit:width>
          <spirit:direction>in</spirit:direction>
        </spirit:onMaster>
        <spirit:onSlave>
          <spirit:presence>required</spirit:presence>
          <spirit:width>1</spirit:width>
        </spirit:onSlave>
        <spirit:defaultValue>0</spirit:defaultValue>
      </spirit:wire>
    </spirit:port>
    <spirit:port>
      <spirit:logicalName>rd_wait_n</spirit:logicalName>
      <spirit:description>Read Wait</spirit:description>
      <spirit:wire>
        <spirit:onMaster>
          <spirit:presence>required</spirit:presence>
          <spirit:width>1</spirit:width>
          <spirit:direction>in</spirit:direction>
        </spirit:onMaster>
        <spirit:onSlave>
          <spirit:presence>required</spirit:presence>
          <spirit:width>1</spirit:width>
        </spirit:onSlave>
        <spirit:defaultValue>1</spirit:defaultValue>
      </spirit:wire>
    </spirit:port>
  </spirit:ports>
  <spirit:vendorExtensions>
    <xilinx:abstractionDefinitionInfo>
      <xilinx:displayName>eLink</xilinx:displayName>
    </xilinx:abstractionDefinitionInfo>
  </spirit:vendorExtensions>
</spirit:abstractionDefinition>
