<?xml version="1.0" encoding="UTF-8"?>
<spirit:busDefinition xmlns:xilinx="http://www.xilinx.com" xmlns:spirit="http://www.spiritconsortium.org/XMLSchema/SPIRIT/1685-2009" xmlns:xsi="http://www.w3.org/2001/XMLSchema-instance">
  <spirit:vendor>adapteva.com</spirit:vendor>
  <spirit:library>Adapteva</spirit:library>
  <spirit:name>eMesh</spirit:name>
  <spirit:version>1.0</spirit:version>
  <spirit:directConnection>true</spirit:directConnection>
  <spirit:isAddressable>false</spirit:isAddressable>
  <spirit:maxMasters>1</spirit:maxMasters>
  <spirit:maxSlaves>2</spirit:maxSlaves>
  <spirit:description>Adapteva eMesh high-performance interface</spirit:description>
  <spirit:vendorExtensions>    <xilinx:busDefinitionInfo><xilinx:displayName>eMesh</xilinx:displayName></xilinx:busDefinitionInfo>
</spirit:vendorExtensions>
</spirit:busDefinition>
