<?xml version="1.0" encoding="UTF-8"?>
<spirit:component xmlns:xilinx="http://www.xilinx.com" xmlns:spirit="http://www.spiritconsortium.org/XMLSchema/SPIRIT/1685-2009" xmlns:xsi="http://www.w3.org/2001/XMLSchema-instance">
  <spirit:vendor>adapteva.com</spirit:vendor>
  <spirit:library>customized_ip</spirit:library>
  <spirit:name>elink2_top_eclock_0_0</spirit:name>
  <spirit:version>1.0</spirit:version>
  <spirit:busInterfaces>
    <spirit:busInterface>
      <spirit:name>signal_reset</spirit:name>
      <spirit:busType spirit:vendor="xilinx.com" spirit:library="signal" spirit:name="reset" spirit:version="1.0"/>
      <spirit:abstractionType spirit:vendor="xilinx.com" spirit:library="signal" spirit:name="reset_rtl" spirit:version="1.0"/>
      <spirit:slave/>
      <spirit:portMaps>
        <spirit:portMap>
          <spirit:logicalPort>
            <spirit:name>RST</spirit:name>
          </spirit:logicalPort>
          <spirit:physicalPort>
            <spirit:name>reset</spirit:name>
          </spirit:physicalPort>
        </spirit:portMap>
      </spirit:portMaps>
      <spirit:parameters>
        <spirit:parameter>
          <spirit:name>POLARITY</spirit:name>
          <spirit:value spirit:format="string" spirit:resolve="immediate" spirit:id="BUSIFPARAM_VALUE.SIGNAL_RESET.POLARITY" spirit:choiceRef="choices_0">ACTIVE_HIGH</spirit:value>
        </spirit:parameter>
      </spirit:parameters>
    </spirit:busInterface>
    <spirit:busInterface>
      <spirit:name>ecfg_cclk</spirit:name>
      <spirit:busType spirit:vendor="adapteva.com" spirit:library="Adapteva" spirit:name="eClockCfg" spirit:version="1.0"/>
      <spirit:abstractionType spirit:vendor="adapteva.com" spirit:library="Adapteva" spirit:name="eClockCfg_rtl" spirit:version="1.0"/>
      <spirit:slave/>
      <spirit:portMaps>
        <spirit:portMap>
          <spirit:logicalPort>
            <spirit:name>div</spirit:name>
          </spirit:logicalPort>
          <spirit:physicalPort>
            <spirit:name>ecfg_cclk_div</spirit:name>
          </spirit:physicalPort>
        </spirit:portMap>
        <spirit:portMap>
          <spirit:logicalPort>
            <spirit:name>pllcfg</spirit:name>
          </spirit:logicalPort>
          <spirit:physicalPort>
            <spirit:name>ecfg_cclk_pllcfg</spirit:name>
          </spirit:physicalPort>
        </spirit:portMap>
        <spirit:portMap>
          <spirit:logicalPort>
            <spirit:name>en</spirit:name>
          </spirit:logicalPort>
          <spirit:physicalPort>
            <spirit:name>ecfg_cclk_en</spirit:name>
          </spirit:physicalPort>
        </spirit:portMap>
      </spirit:portMaps>
    </spirit:busInterface>
  </spirit:busInterfaces>
  <spirit:model>
    <spirit:ports>
      <spirit:port>
        <spirit:name>CCLK_P</spirit:name>
        <spirit:wire>
          <spirit:direction>out</spirit:direction>
          <spirit:wireTypeDefs>
            <spirit:wireTypeDef>
              <spirit:typeName>std_logic</spirit:typeName>
              <spirit:viewNameRef>dummy_view</spirit:viewNameRef>
            </spirit:wireTypeDef>
          </spirit:wireTypeDefs>
        </spirit:wire>
      </spirit:port>
      <spirit:port>
        <spirit:name>CCLK_N</spirit:name>
        <spirit:wire>
          <spirit:direction>out</spirit:direction>
          <spirit:wireTypeDefs>
            <spirit:wireTypeDef>
              <spirit:typeName>std_logic</spirit:typeName>
              <spirit:viewNameRef>dummy_view</spirit:viewNameRef>
            </spirit:wireTypeDef>
          </spirit:wireTypeDefs>
        </spirit:wire>
      </spirit:port>
      <spirit:port>
        <spirit:name>lclk_s</spirit:name>
        <spirit:wire>
          <spirit:direction>out</spirit:direction>
          <spirit:wireTypeDefs>
            <spirit:wireTypeDef>
              <spirit:typeName>std_logic</spirit:typeName>
              <spirit:viewNameRef>dummy_view</spirit:viewNameRef>
            </spirit:wireTypeDef>
          </spirit:wireTypeDefs>
        </spirit:wire>
      </spirit:port>
      <spirit:port>
        <spirit:name>lclk_out</spirit:name>
        <spirit:wire>
          <spirit:direction>out</spirit:direction>
          <spirit:wireTypeDefs>
            <spirit:wireTypeDef>
              <spirit:typeName>std_logic</spirit:typeName>
              <spirit:viewNameRef>dummy_view</spirit:viewNameRef>
            </spirit:wireTypeDef>
          </spirit:wireTypeDefs>
        </spirit:wire>
      </spirit:port>
      <spirit:port>
        <spirit:name>lclk_p</spirit:name>
        <spirit:wire>
          <spirit:direction>out</spirit:direction>
          <spirit:wireTypeDefs>
            <spirit:wireTypeDef>
              <spirit:typeName>std_logic</spirit:typeName>
              <spirit:viewNameRef>dummy_view</spirit:viewNameRef>
            </spirit:wireTypeDef>
          </spirit:wireTypeDefs>
        </spirit:wire>
      </spirit:port>
      <spirit:port>
        <spirit:name>clkin</spirit:name>
        <spirit:wire>
          <spirit:direction>in</spirit:direction>
          <spirit:wireTypeDefs>
            <spirit:wireTypeDef>
              <spirit:typeName>std_logic</spirit:typeName>
              <spirit:viewNameRef>dummy_view</spirit:viewNameRef>
            </spirit:wireTypeDef>
          </spirit:wireTypeDefs>
        </spirit:wire>
      </spirit:port>
      <spirit:port>
        <spirit:name>reset</spirit:name>
        <spirit:wire>
          <spirit:direction>in</spirit:direction>
          <spirit:wireTypeDefs>
            <spirit:wireTypeDef>
              <spirit:typeName>std_logic</spirit:typeName>
              <spirit:viewNameRef>dummy_view</spirit:viewNameRef>
            </spirit:wireTypeDef>
          </spirit:wireTypeDefs>
        </spirit:wire>
        <spirit:vendorExtensions>
          <xilinx:portInfo>
            <xilinx:enablement>
              <xilinx:isEnabled>true</xilinx:isEnabled>
            </xilinx:enablement>
          </xilinx:portInfo>
        </spirit:vendorExtensions>
      </spirit:port>
      <spirit:port>
        <spirit:name>ecfg_cclk_en</spirit:name>
        <spirit:wire>
          <spirit:direction>in</spirit:direction>
          <spirit:wireTypeDefs>
            <spirit:wireTypeDef>
              <spirit:typeName>std_logic</spirit:typeName>
              <spirit:viewNameRef>dummy_view</spirit:viewNameRef>
            </spirit:wireTypeDef>
          </spirit:wireTypeDefs>
        </spirit:wire>
        <spirit:vendorExtensions>
          <xilinx:portInfo>
            <xilinx:enablement>
              <xilinx:isEnabled>true</xilinx:isEnabled>
            </xilinx:enablement>
          </xilinx:portInfo>
        </spirit:vendorExtensions>
      </spirit:port>
      <spirit:port>
        <spirit:name>ecfg_cclk_div</spirit:name>
        <spirit:wire>
          <spirit:direction>in</spirit:direction>
          <spirit:vector>
            <spirit:left spirit:format="long" spirit:resolve="immediate">3</spirit:left>
            <spirit:right spirit:format="long" spirit:resolve="immediate">0</spirit:right>
          </spirit:vector>
          <spirit:wireTypeDefs>
            <spirit:wireTypeDef>
              <spirit:typeName>std_logic_vector</spirit:typeName>
              <spirit:viewNameRef>dummy_view</spirit:viewNameRef>
            </spirit:wireTypeDef>
          </spirit:wireTypeDefs>
        </spirit:wire>
        <spirit:vendorExtensions>
          <xilinx:portInfo>
            <xilinx:enablement>
              <xilinx:isEnabled>true</xilinx:isEnabled>
            </xilinx:enablement>
          </xilinx:portInfo>
        </spirit:vendorExtensions>
      </spirit:port>
      <spirit:port>
        <spirit:name>ecfg_cclk_pllcfg</spirit:name>
        <spirit:wire>
          <spirit:direction>in</spirit:direction>
          <spirit:vector>
            <spirit:left spirit:format="long" spirit:resolve="immediate">3</spirit:left>
            <spirit:right spirit:format="long" spirit:resolve="immediate">0</spirit:right>
          </spirit:vector>
          <spirit:wireTypeDefs>
            <spirit:wireTypeDef>
              <spirit:typeName>std_logic_vector</spirit:typeName>
              <spirit:viewNameRef>dummy_view</spirit:viewNameRef>
            </spirit:wireTypeDef>
          </spirit:wireTypeDefs>
        </spirit:wire>
        <spirit:vendorExtensions>
          <xilinx:portInfo>
            <xilinx:enablement>
              <xilinx:isEnabled>true</xilinx:isEnabled>
            </xilinx:enablement>
          </xilinx:portInfo>
        </spirit:vendorExtensions>
      </spirit:port>
    </spirit:ports>
    <spirit:modelParameters>
      <spirit:modelParameter xsi:type="spirit:nameValueTypeType" spirit:dataType="integer">
        <spirit:name>CLKIN_PERIOD</spirit:name>
        <spirit:displayName>Clkin Period</spirit:displayName>
        <spirit:value spirit:format="long" spirit:resolve="generated" spirit:id="MODELPARAM_VALUE.CLKIN_PERIOD">10</spirit:value>
      </spirit:modelParameter>
      <spirit:modelParameter spirit:dataType="integer">
        <spirit:name>CLKIN_DIVIDE</spirit:name>
        <spirit:displayName>Clkin Divide</spirit:displayName>
        <spirit:value spirit:format="long" spirit:resolve="generated" spirit:id="MODELPARAM_VALUE.CLKIN_DIVIDE">1</spirit:value>
      </spirit:modelParameter>
      <spirit:modelParameter spirit:dataType="integer">
        <spirit:name>VCO_MULT</spirit:name>
        <spirit:displayName>Vco Mult</spirit:displayName>
        <spirit:value spirit:format="long" spirit:resolve="generated" spirit:id="MODELPARAM_VALUE.VCO_MULT">12</spirit:value>
      </spirit:modelParameter>
      <spirit:modelParameter spirit:dataType="integer">
        <spirit:name>CCLK_DIVIDE</spirit:name>
        <spirit:displayName>Cclk Divide</spirit:displayName>
        <spirit:value spirit:format="long" spirit:resolve="generated" spirit:id="MODELPARAM_VALUE.CCLK_DIVIDE">2</spirit:value>
      </spirit:modelParameter>
      <spirit:modelParameter spirit:dataType="integer">
        <spirit:name>LCLK_DIVIDE</spirit:name>
        <spirit:displayName>Lclk Divide</spirit:displayName>
        <spirit:value spirit:format="long" spirit:resolve="generated" spirit:id="MODELPARAM_VALUE.LCLK_DIVIDE">4</spirit:value>
      </spirit:modelParameter>
      <spirit:modelParameter spirit:dataType="integer">
        <spirit:name>FEATURE_CCLK_DIV</spirit:name>
        <spirit:displayName>Feature Cclk Div</spirit:displayName>
        <spirit:value spirit:format="bitString" spirit:resolve="generated" spirit:id="MODELPARAM_VALUE.FEATURE_CCLK_DIV" spirit:bitStringLength="1">&quot;1&quot;</spirit:value>
      </spirit:modelParameter>
      <spirit:modelParameter spirit:dataType="string">
        <spirit:name>IOSTD_ELINK</spirit:name>
        <spirit:displayName>Iostd Elink</spirit:displayName>
        <spirit:value spirit:format="string" spirit:resolve="generated" spirit:id="MODELPARAM_VALUE.IOSTD_ELINK">LVDS_25</spirit:value>
      </spirit:modelParameter>
    </spirit:modelParameters>
  </spirit:model>
  <spirit:choices>
    <spirit:choice>
      <spirit:name>choices_0</spirit:name>
      <spirit:enumeration>ACTIVE_HIGH</spirit:enumeration>
      <spirit:enumeration>ACTIVE_LOW</spirit:enumeration>
    </spirit:choice>
  </spirit:choices>
  <spirit:description>eClock Clock Generation Module</spirit:description>
  <spirit:parameters>
    <spirit:parameter>
      <spirit:name>IOSTD_ELINK</spirit:name>
      <spirit:displayName>Iostd Elink</spirit:displayName>
      <spirit:value spirit:format="string" spirit:resolve="user" spirit:id="PARAM_VALUE.IOSTD_ELINK" spirit:order="1100">LVDS_25</spirit:value>
    </spirit:parameter>
    <spirit:parameter>
      <spirit:name>FEATURE_CCLK_DIV</spirit:name>
      <spirit:displayName>Feature Cclk Div</spirit:displayName>
      <spirit:value spirit:format="bitString" spirit:resolve="user" spirit:id="PARAM_VALUE.FEATURE_CCLK_DIV" spirit:order="1200" spirit:bitStringLength="1">&quot;1&quot;</spirit:value>
    </spirit:parameter>
    <spirit:parameter>
      <spirit:name>LCLK_DIVIDE</spirit:name>
      <spirit:displayName>Lclk Divide</spirit:displayName>
      <spirit:value spirit:format="long" spirit:resolve="user" spirit:id="PARAM_VALUE.LCLK_DIVIDE" spirit:order="1300">4</spirit:value>
    </spirit:parameter>
    <spirit:parameter>
      <spirit:name>CCLK_DIVIDE</spirit:name>
      <spirit:displayName>Cclk Divide</spirit:displayName>
      <spirit:value spirit:format="long" spirit:resolve="user" spirit:id="PARAM_VALUE.CCLK_DIVIDE" spirit:order="1400">2</spirit:value>
    </spirit:parameter>
    <spirit:parameter>
      <spirit:name>VCO_MULT</spirit:name>
      <spirit:displayName>Vco Mult</spirit:displayName>
      <spirit:value spirit:format="long" spirit:resolve="user" spirit:id="PARAM_VALUE.VCO_MULT" spirit:order="1500">12</spirit:value>
    </spirit:parameter>
    <spirit:parameter>
      <spirit:name>CLKIN_DIVIDE</spirit:name>
      <spirit:displayName>Clkin Divide</spirit:displayName>
      <spirit:value spirit:format="long" spirit:resolve="user" spirit:id="PARAM_VALUE.CLKIN_DIVIDE" spirit:order="1600">1</spirit:value>
    </spirit:parameter>
    <spirit:parameter>
      <spirit:name>CLKIN_PERIOD</spirit:name>
      <spirit:displayName>Clkin Period</spirit:displayName>
      <spirit:value spirit:format="float" spirit:resolve="user" spirit:id="PARAM_VALUE.CLKIN_PERIOD" spirit:order="1700" spirit:configGroups="0 UnGrouped textEdit">10</spirit:value>
    </spirit:parameter>
    <spirit:parameter>
      <spirit:name>Component_Name</spirit:name>
      <spirit:displayName>Component Name</spirit:displayName>
      <spirit:value spirit:resolve="user" spirit:id="PARAM_VALUE.Component_Name" spirit:order="1">elink2_top_eclock_0_0</spirit:value>
    </spirit:parameter>
  </spirit:parameters>
  <spirit:vendorExtensions>
    <xilinx:coreExtensions>
      <xilinx:supportedFamilies>
        <xilinx:family xilinx:lifeCycle="Pre-Production">zynq</xilinx:family>
      </xilinx:supportedFamilies>
      <xilinx:taxonomies>
        <xilinx:taxonomy>/BaseIP</xilinx:taxonomy>
      </xilinx:taxonomies>
      <xilinx:displayName>eclock_v1_0</xilinx:displayName>
      <xilinx:vendorDisplayName>Adapteva, Inc.</xilinx:vendorDisplayName>
      <xilinx:vendorURL>http://www.adapteva.com</xilinx:vendorURL>
      <xilinx:coreRevision>7</xilinx:coreRevision>
      <xilinx:coreCreationDateTime>2014-11-21T16:37:07Z</xilinx:coreCreationDateTime>
      <xilinx:tags>
        <xilinx:tag xilinx:name="user.org:user:eclock:1.0_ARCHIVE_LOCATION">/mnt/windowsC/Adapteva/Parallella/parallella-hwelink/fpga/hdl/eclock/ip</xilinx:tag>
        <xilinx:tag xilinx:name="adapteva.com:user:eclock:1.0_ARCHIVE_LOCATION">/mnt/windowsC/Adapteva/Parallella/parallella-hwelink/fpga/hdl/eclock/ip</xilinx:tag>
        <xilinx:tag xilinx:name="adapteva.com:Adapteva:eclock:1.0_ARCHIVE_LOCATION">/home/frhuettig</xilinx:tag>
      </xilinx:tags>
    </xilinx:coreExtensions>
    <xilinx:packagingInfo>
      <xilinx:xilinxVersion>2014.3</xilinx:xilinxVersion>
      <xilinx:checksum xilinx:scope="busInterfaces" xilinx:value="e77f0e30"/>
      <xilinx:checksum xilinx:scope="fileGroups" xilinx:value="d6cf9a4d"/>
      <xilinx:checksum xilinx:scope="ports" xilinx:value="abdeedc3"/>
      <xilinx:checksum xilinx:scope="hdlParameters" xilinx:value="b5e7f9c5"/>
      <xilinx:checksum xilinx:scope="parameters" xilinx:value="265acca5"/>
    </xilinx:packagingInfo>
  </spirit:vendorExtensions>
</spirit:component>