<?xml version="1.0" encoding="UTF-8"?>
<spirit:component xmlns:xilinx="http://www.xilinx.com" xmlns:spirit="http://www.spiritconsortium.org/XMLSchema/SPIRIT/1685-2009" xmlns:xsi="http://www.w3.org/2001/XMLSchema-instance">
  <spirit:vendor>adapteva.com</spirit:vendor>
  <spirit:library>customized_ip</spirit:library>
  <spirit:name>elink2_top_parallella_gpio_emio_0_0</spirit:name>
  <spirit:version>1.0</spirit:version>
  <spirit:model>
    <spirit:ports>
      <spirit:port>
        <spirit:name>PS_GPIO_I</spirit:name>
        <spirit:wire>
          <spirit:direction>out</spirit:direction>
          <spirit:vector>
            <spirit:left spirit:format="long" spirit:resolve="dependent" spirit:dependency="(spirit:decode(id(&apos;MODELPARAM_VALUE.NUM_PS_SIGS&apos;)) - 1)">63</spirit:left>
            <spirit:right spirit:format="long" spirit:resolve="immediate">0</spirit:right>
          </spirit:vector>
          <spirit:wireTypeDefs>
            <spirit:wireTypeDef>
              <spirit:typeName>std_logic_vector</spirit:typeName>
              <spirit:viewNameRef>dummy_view</spirit:viewNameRef>
            </spirit:wireTypeDef>
          </spirit:wireTypeDefs>
        </spirit:wire>
      </spirit:port>
      <spirit:port>
        <spirit:name>GPIO_P</spirit:name>
        <spirit:wire>
          <spirit:direction>inout</spirit:direction>
          <spirit:vector>
            <spirit:left spirit:format="long" spirit:resolve="dependent" spirit:dependency="(spirit:decode(id(&apos;MODELPARAM_VALUE.NUM_GPIO_PAIRS&apos;)) - 1)">23</spirit:left>
            <spirit:right spirit:format="long" spirit:resolve="immediate">0</spirit:right>
          </spirit:vector>
          <spirit:wireTypeDefs>
            <spirit:wireTypeDef>
              <spirit:typeName>std_logic_vector</spirit:typeName>
              <spirit:viewNameRef>dummy_view</spirit:viewNameRef>
            </spirit:wireTypeDef>
          </spirit:wireTypeDefs>
        </spirit:wire>
      </spirit:port>
      <spirit:port>
        <spirit:name>GPIO_N</spirit:name>
        <spirit:wire>
          <spirit:direction>inout</spirit:direction>
          <spirit:vector>
            <spirit:left spirit:format="long" spirit:resolve="dependent" spirit:dependency="(spirit:decode(id(&apos;MODELPARAM_VALUE.NUM_GPIO_PAIRS&apos;)) - 1)">23</spirit:left>
            <spirit:right spirit:format="long" spirit:resolve="immediate">0</spirit:right>
          </spirit:vector>
          <spirit:wireTypeDefs>
            <spirit:wireTypeDef>
              <spirit:typeName>std_logic_vector</spirit:typeName>
              <spirit:viewNameRef>dummy_view</spirit:viewNameRef>
            </spirit:wireTypeDef>
          </spirit:wireTypeDefs>
        </spirit:wire>
      </spirit:port>
      <spirit:port>
        <spirit:name>PS_GPIO_O</spirit:name>
        <spirit:wire>
          <spirit:direction>in</spirit:direction>
          <spirit:vector>
            <spirit:left spirit:format="long" spirit:resolve="dependent" spirit:dependency="(spirit:decode(id(&apos;MODELPARAM_VALUE.NUM_PS_SIGS&apos;)) - 1)">63</spirit:left>
            <spirit:right spirit:format="long" spirit:resolve="immediate">0</spirit:right>
          </spirit:vector>
          <spirit:wireTypeDefs>
            <spirit:wireTypeDef>
              <spirit:typeName>std_logic_vector</spirit:typeName>
              <spirit:viewNameRef>dummy_view</spirit:viewNameRef>
            </spirit:wireTypeDef>
          </spirit:wireTypeDefs>
        </spirit:wire>
      </spirit:port>
      <spirit:port>
        <spirit:name>PS_GPIO_T</spirit:name>
        <spirit:wire>
          <spirit:direction>in</spirit:direction>
          <spirit:vector>
            <spirit:left spirit:format="long" spirit:resolve="dependent" spirit:dependency="(spirit:decode(id(&apos;MODELPARAM_VALUE.NUM_PS_SIGS&apos;)) - 1)">63</spirit:left>
            <spirit:right spirit:format="long" spirit:resolve="immediate">0</spirit:right>
          </spirit:vector>
          <spirit:wireTypeDefs>
            <spirit:wireTypeDef>
              <spirit:typeName>std_logic_vector</spirit:typeName>
              <spirit:viewNameRef>dummy_view</spirit:viewNameRef>
            </spirit:wireTypeDef>
          </spirit:wireTypeDefs>
        </spirit:wire>
      </spirit:port>
    </spirit:ports>
    <spirit:modelParameters>
      <spirit:modelParameter xsi:type="spirit:nameValueTypeType" spirit:dataType="integer">
        <spirit:name>NUM_GPIO_PAIRS</spirit:name>
        <spirit:displayName>Num Gpio Pairs</spirit:displayName>
        <spirit:value spirit:format="long" spirit:resolve="generated" spirit:id="MODELPARAM_VALUE.NUM_GPIO_PAIRS">24</spirit:value>
      </spirit:modelParameter>
      <spirit:modelParameter spirit:dataType="integer">
        <spirit:name>DIFF_GPIO</spirit:name>
        <spirit:displayName>Diff Gpio</spirit:displayName>
        <spirit:value spirit:format="long" spirit:resolve="generated" spirit:id="MODELPARAM_VALUE.DIFF_GPIO">0</spirit:value>
      </spirit:modelParameter>
      <spirit:modelParameter spirit:dataType="integer">
        <spirit:name>NUM_PS_SIGS</spirit:name>
        <spirit:displayName>Num Ps Sigs</spirit:displayName>
        <spirit:value spirit:format="long" spirit:resolve="generated" spirit:id="MODELPARAM_VALUE.NUM_PS_SIGS">64</spirit:value>
      </spirit:modelParameter>
    </spirit:modelParameters>
  </spirit:model>
  <spirit:description>GPIO Implementation for Parallella</spirit:description>
  <spirit:parameters>
    <spirit:parameter>
      <spirit:name>DIFF_GPIO</spirit:name>
      <spirit:displayName>DIFF_GPIO</spirit:displayName>
      <spirit:description>Set Differential (1) or Single-ended (0) GPIOs</spirit:description>
      <spirit:value spirit:format="long" spirit:resolve="user" spirit:id="PARAM_VALUE.DIFF_GPIO" spirit:order="1200" spirit:minimum="0" spirit:maximum="1">0</spirit:value>
    </spirit:parameter>
    <spirit:parameter>
      <spirit:name>NUM_GPIO_PAIRS</spirit:name>
      <spirit:displayName>NUM_GPIO_PAIRS</spirit:displayName>
      <spirit:description>Number of GPIO pairs P/N, or HALF the # of single-ended signals</spirit:description>
      <spirit:value spirit:format="long" spirit:resolve="user" spirit:id="PARAM_VALUE.NUM_GPIO_PAIRS" spirit:order="1300">24</spirit:value>
    </spirit:parameter>
    <spirit:parameter>
      <spirit:name>Component_Name</spirit:name>
      <spirit:displayName>Component Name</spirit:displayName>
      <spirit:value spirit:resolve="user" spirit:id="PARAM_VALUE.Component_Name" spirit:order="1">elink2_top_parallella_gpio_emio_0_0</spirit:value>
    </spirit:parameter>
    <spirit:parameter>
      <spirit:name>NUM_PS_SIGS</spirit:name>
      <spirit:displayName>NUM_PS_SIGS</spirit:displayName>
      <spirit:description>Number of PS GPIO signals connected.</spirit:description>
      <spirit:value spirit:format="long" spirit:resolve="user" spirit:id="PARAM_VALUE.NUM_PS_SIGS">64</spirit:value>
    </spirit:parameter>
  </spirit:parameters>
  <spirit:vendorExtensions>
    <xilinx:coreExtensions>
      <xilinx:supportedFamilies>
        <xilinx:family xilinx:lifeCycle="Production">zynq</xilinx:family>
      </xilinx:supportedFamilies>
      <xilinx:taxonomies>
        <xilinx:taxonomy>/Adapteva</xilinx:taxonomy>
      </xilinx:taxonomies>
      <xilinx:displayName>parallella_gpio_emio_v1_0</xilinx:displayName>
      <xilinx:vendorDisplayName>Adapteva, Inc.</xilinx:vendorDisplayName>
      <xilinx:vendorURL>http://www.adapteva.com</xilinx:vendorURL>
      <xilinx:coreRevision>3</xilinx:coreRevision>
      <xilinx:coreCreationDateTime>2015-01-12T21:08:53Z</xilinx:coreCreationDateTime>
      <xilinx:tags>
        <xilinx:tag xilinx:name="user.org:user:parallella_gpio_emio:1.0_ARCHIVE_LOCATION">/mnt/windowsC/Adapteva/Parallella/parallella-hwelink/fpga/src/gpio</xilinx:tag>
        <xilinx:tag xilinx:name="adapteva.com:user:parallella_gpio_emio:1.0_ARCHIVE_LOCATION">/mnt/windowsC/Adapteva/Parallella/parallella-hwelink/fpga/src/gpio</xilinx:tag>
        <xilinx:tag xilinx:name="adapteva.com:Adapteva:parallella_gpio_emio:1.0_ARCHIVE_LOCATION">/mnt/windowsC/Adapteva/Parallella/parallella-hwelink/fpga/src/gpio</xilinx:tag>
      </xilinx:tags>
    </xilinx:coreExtensions>
    <xilinx:packagingInfo>
      <xilinx:xilinxVersion>2014.3</xilinx:xilinxVersion>
    </xilinx:packagingInfo>
  </spirit:vendorExtensions>
</spirit:component>