<?xml version="1.0" encoding="UTF-8"?>
<DARoots Version="1" Minor="26">
  <FileSet Name="sim_1" Type="SimulationSrcs" RelSrcDir="$PSRCDIR/sim_1">
    <Filter Type="Srcs"/>
    <Config>
      <Option Name="DesignMode" Val="RTL"/>
      <Option Name="TopModule" Val="parallella_7020_top"/>
      <Option Name="TopLib" Val="work"/>
      <Option Name="TopRTLFile" Val="$PPRDIR/../../../../parallella_7020_600/parallella_7020_600/parallella_7020_600.srcs/sources_1/imports/fpga_links/parallella_7020_top.v"/>
      <Option Name="TopAutoSet" Val="TRUE"/>
      <Option Name="SrcSet" Val="sources_1"/>
    </Config>
  </FileSet>
</DARoots>
