<?xml version="1.0" encoding="UTF-8"?>
<DARoots Version="1" Minor="26">
  <FileSet Name="constrs_1" Type="Constrs" RelSrcDir="$PSRCDIR/constrs_1">
    <Filter Type="Constrs"/>
    <File Path="$PSRCDIR/constrs_1/imports/constr_links/parallella_7020.ucf">
      <FileInfo>
        <Attr Name="ImportPath" Val="$PPRDIR/../../../../parallella_7020_600/constr_links/parallella_7020.ucf"/>
        <Attr Name="ImportTime" Val="1368209912"/>
        <Attr Name="UsedInSynthesis" Val="1"/>
        <Attr Name="UsedInImplementation" Val="1"/>
      </FileInfo>
    </File>
    <Config>
      <Option Name="TargetConstrsFile" Val="$PSRCDIR/constrs_1/imports/constr_links/parallella_7020.ucf"/>
      <Option Name="ConstrsType" Val="UCF"/>
    </Config>
  </FileSet>
</DARoots>
