<?xml version="1.0" encoding="UTF-8"?>
<DARoots Version="1" Minor="26">
  <FileSet Name="sources_1" Type="DesignSrcs" RelSrcDir="$PSRCDIR/sources_1">
    <Filter Type="Srcs"/>
    <File Path="$PSRCDIR/sources_1/ip/io_clock_gen/io_clock_gen.xci">
      <FileInfo>
        <Attr Name="ImportPath" Val="$PPRDIR/../../../../parallella_7020_600/parallella_7020_600/parallella_7020_600.srcs/sources_1/ip/io_clock_gen/io_clock_gen.xci"/>
        <Attr Name="ImportTime" Val="1369765748"/>
        <Attr Name="UsedInSynthesis" Val="1"/>
        <Attr Name="UsedInImplementation" Val="1"/>
        <Attr Name="UsedInSimulation" Val="1"/>
      </FileInfo>
    </File>
    <File Path="$PSRCDIR/sources_1/edk/cf_adv7511_zed/system.xmp">
      <FileInfo>
        <Attr Name="ImportPath" Val="$PPRDIR/../../../../fpgahdl_xilinx/cf_adv7511_zed/system.xmp"/>
        <Attr Name="ImportTime" Val="1377504227"/>
        <Attr Name="UsedInSynthesis" Val="1"/>
        <Attr Name="UsedInImplementation" Val="1"/>
        <Attr Name="UsedInSimulation" Val="1"/>
      </FileInfo>
    </File>
    <File Path="$PSRCDIR/sources_1/edk/cf_adv7511_zed/system_stub.v">
      <FileInfo>
        <Attr Name="ImportPath" Val="$PPRDIR/../../../../parallella_7020_600/parallella_7020_600/parallella_7020_600.srcs/sources_1/edk/cf_adv7511_zed/system_stub.v"/>
        <Attr Name="ImportTime" Val="1377524991"/>
        <Attr Name="UsedInSynthesis" Val="1"/>
        <Attr Name="UsedInImplementation" Val="1"/>
        <Attr Name="UsedInSimulation" Val="1"/>
      </FileInfo>
    </File>
    <File Path="$PSRCDIR/sources_1/imports/parallella-hw/common/fpga/hdl/fpga_constants.v">
      <FileInfo>
        <Attr Name="ImportPath" Val="$PPRDIR/../../../../../../../common/fpga/hdl/fpga_constants.v"/>
        <Attr Name="ImportTime" Val="1377912834"/>
        <Attr Name="UsedInSynthesis" Val="1"/>
        <Attr Name="UsedInImplementation" Val="1"/>
        <Attr Name="UsedInSimulation" Val="1"/>
      </FileInfo>
    </File>
    <File Path="$PSRCDIR/sources_1/imports/parallella-hw/gen0/fpga/hdl/version.v">
      <FileInfo>
        <Attr Name="ImportPath" Val="$PPRDIR/../../../../../hdl/version.v"/>
        <Attr Name="ImportTime" Val="1377912834"/>
        <Attr Name="UsedInSynthesis" Val="1"/>
        <Attr Name="UsedInImplementation" Val="1"/>
        <Attr Name="UsedInSimulation" Val="1"/>
      </FileInfo>
    </File>
    <File Path="$PSRCDIR/sources_1/imports/parallella-hw/gen0/fpga/hdl/parallella_7020_top.v">
      <FileInfo>
        <Attr Name="ImportPath" Val="$PPRDIR/../../../../../hdl/parallella_7020_top.v"/>
        <Attr Name="ImportTime" Val="1377912834"/>
        <Attr Name="UsedInSynthesis" Val="1"/>
        <Attr Name="UsedInImplementation" Val="1"/>
        <Attr Name="UsedInSimulation" Val="1"/>
      </FileInfo>
    </File>
    <File Path="$PSRCDIR/sources_1/imports/parallella-hw/common/fpga/hdl/parallella.v">
      <FileInfo>
        <Attr Name="ImportPath" Val="$PPRDIR/../../../../../../../common/fpga/hdl/parallella.v"/>
        <Attr Name="ImportTime" Val="1377912834"/>
        <Attr Name="UsedInSynthesis" Val="1"/>
        <Attr Name="UsedInImplementation" Val="1"/>
        <Attr Name="UsedInSimulation" Val="1"/>
      </FileInfo>
    </File>
    <File Path="$PSRCDIR/sources_1/imports/parallella-hw/common/fpga/hdl/axi_slave_wr.v">
      <FileInfo>
        <Attr Name="ImportPath" Val="$PPRDIR/../../../../../../../common/fpga/hdl/axi_slave_wr.v"/>
        <Attr Name="ImportTime" Val="1377912834"/>
        <Attr Name="UsedInSynthesis" Val="1"/>
        <Attr Name="UsedInImplementation" Val="1"/>
        <Attr Name="UsedInSimulation" Val="1"/>
      </FileInfo>
    </File>
    <File Path="$PSRCDIR/sources_1/imports/parallella-hw/common/fpga/hdl/synchronizer.v">
      <FileInfo>
        <Attr Name="ImportPath" Val="$PPRDIR/../../../../../../../common/fpga/hdl/synchronizer.v"/>
        <Attr Name="ImportTime" Val="1377912834"/>
        <Attr Name="UsedInSynthesis" Val="1"/>
        <Attr Name="UsedInImplementation" Val="1"/>
        <Attr Name="UsedInSimulation" Val="1"/>
      </FileInfo>
    </File>
    <File Path="$PSRCDIR/sources_1/imports/parallella-hw/common/fpga/hdl/ewrapper_io_rx_slow.v">
      <FileInfo>
        <Attr Name="ImportPath" Val="$PPRDIR/../../../../../../../common/fpga/hdl/ewrapper_io_rx_slow.v"/>
        <Attr Name="ImportTime" Val="1377912834"/>
        <Attr Name="UsedInSynthesis" Val="1"/>
        <Attr Name="UsedInImplementation" Val="1"/>
        <Attr Name="UsedInSimulation" Val="1"/>
      </FileInfo>
    </File>
    <File Path="$PSRCDIR/sources_1/imports/parallella-hw/common/fpga/hdl/axi_master.v">
      <FileInfo>
        <Attr Name="ImportPath" Val="$PPRDIR/../../../../../../../common/fpga/hdl/axi_master.v"/>
        <Attr Name="ImportTime" Val="1377912834"/>
        <Attr Name="UsedInSynthesis" Val="1"/>
        <Attr Name="UsedInImplementation" Val="1"/>
        <Attr Name="UsedInSimulation" Val="1"/>
      </FileInfo>
    </File>
    <File Path="$PSRCDIR/sources_1/imports/parallella-hw/common/fpga/hdl/ewrapper_link_txo.v">
      <FileInfo>
        <Attr Name="ImportPath" Val="$PPRDIR/../../../../../../../common/fpga/hdl/ewrapper_link_txo.v"/>
        <Attr Name="ImportTime" Val="1377912834"/>
        <Attr Name="UsedInSynthesis" Val="1"/>
        <Attr Name="UsedInImplementation" Val="1"/>
        <Attr Name="UsedInSimulation" Val="1"/>
      </FileInfo>
    </File>
    <File Path="$PSRCDIR/sources_1/imports/parallella-hw/common/fpga/hdl/fifo_mem.v">
      <FileInfo>
        <Attr Name="ImportPath" Val="$PPRDIR/../../../../../../../common/fpga/hdl/fifo_mem.v"/>
        <Attr Name="ImportTime" Val="1377912834"/>
        <Attr Name="UsedInSynthesis" Val="1"/>
        <Attr Name="UsedInImplementation" Val="1"/>
        <Attr Name="UsedInSimulation" Val="1"/>
      </FileInfo>
    </File>
    <File Path="$PSRCDIR/sources_1/imports/parallella-hw/common/fpga/hdl/pulse2pulse.v">
      <FileInfo>
        <Attr Name="ImportPath" Val="$PPRDIR/../../../../../../../common/fpga/hdl/pulse2pulse.v"/>
        <Attr Name="ImportTime" Val="1377912834"/>
        <Attr Name="UsedInSynthesis" Val="1"/>
        <Attr Name="UsedInImplementation" Val="1"/>
        <Attr Name="UsedInSimulation" Val="1"/>
      </FileInfo>
    </File>
    <File Path="$PSRCDIR/sources_1/imports/parallella-hw/common/fpga/hdl/pulse2toggle.v">
      <FileInfo>
        <Attr Name="ImportPath" Val="$PPRDIR/../../../../../../../common/fpga/hdl/pulse2toggle.v"/>
        <Attr Name="ImportTime" Val="1377912834"/>
        <Attr Name="UsedInSynthesis" Val="1"/>
        <Attr Name="UsedInImplementation" Val="1"/>
        <Attr Name="UsedInSimulation" Val="1"/>
      </FileInfo>
    </File>
    <File Path="$PSRCDIR/sources_1/imports/parallella-hw/common/fpga/hdl/debouncer.v">
      <FileInfo>
        <Attr Name="ImportPath" Val="$PPRDIR/../../../../../../../common/fpga/hdl/debouncer.v"/>
        <Attr Name="ImportTime" Val="1377912834"/>
        <Attr Name="UsedInSynthesis" Val="1"/>
        <Attr Name="UsedInImplementation" Val="1"/>
        <Attr Name="UsedInSimulation" Val="1"/>
      </FileInfo>
    </File>
    <File Path="$PSRCDIR/sources_1/imports/parallella-hw/common/fpga/hdl/ewrapper_link_receiver.v">
      <FileInfo>
        <Attr Name="ImportPath" Val="$PPRDIR/../../../../../../../common/fpga/hdl/ewrapper_link_receiver.v"/>
        <Attr Name="ImportTime" Val="1377912834"/>
        <Attr Name="UsedInSynthesis" Val="1"/>
        <Attr Name="UsedInImplementation" Val="1"/>
        <Attr Name="UsedInSimulation" Val="1"/>
      </FileInfo>
    </File>
    <File Path="$PSRCDIR/sources_1/imports/parallella-hw/common/fpga/hdl/fifo_empty_block.v">
      <FileInfo>
        <Attr Name="ImportPath" Val="$PPRDIR/../../../../../../../common/fpga/hdl/fifo_empty_block.v"/>
        <Attr Name="ImportTime" Val="1377912834"/>
        <Attr Name="UsedInSynthesis" Val="1"/>
        <Attr Name="UsedInImplementation" Val="1"/>
        <Attr Name="UsedInSimulation" Val="1"/>
      </FileInfo>
    </File>
    <File Path="$PSRCDIR/sources_1/imports/parallella-hw/common/fpga/hdl/ewrapper_link_top.v">
      <FileInfo>
        <Attr Name="ImportPath" Val="$PPRDIR/../../../../../../../common/fpga/hdl/ewrapper_link_top.v"/>
        <Attr Name="ImportTime" Val="1377912834"/>
        <Attr Name="UsedInSynthesis" Val="1"/>
        <Attr Name="UsedInImplementation" Val="1"/>
        <Attr Name="UsedInSimulation" Val="1"/>
      </FileInfo>
    </File>
    <File Path="$PSRCDIR/sources_1/imports/parallella-hw/common/fpga/hdl/ewrapper_link_rxi.v">
      <FileInfo>
        <Attr Name="ImportPath" Val="$PPRDIR/../../../../../../../common/fpga/hdl/ewrapper_link_rxi.v"/>
        <Attr Name="ImportTime" Val="1377912834"/>
        <Attr Name="UsedInSynthesis" Val="1"/>
        <Attr Name="UsedInImplementation" Val="1"/>
        <Attr Name="UsedInSimulation" Val="1"/>
      </FileInfo>
    </File>
    <File Path="$PSRCDIR/sources_1/imports/parallella-hw/common/fpga/hdl/ewrapper_io_tx_slow.v">
      <FileInfo>
        <Attr Name="ImportPath" Val="$PPRDIR/../../../../../../../common/fpga/hdl/ewrapper_io_tx_slow.v"/>
        <Attr Name="ImportTime" Val="1377912834"/>
        <Attr Name="UsedInSynthesis" Val="1"/>
        <Attr Name="UsedInImplementation" Val="1"/>
        <Attr Name="UsedInSimulation" Val="1"/>
      </FileInfo>
    </File>
    <File Path="$PSRCDIR/sources_1/imports/parallella-hw/common/fpga/hdl/axi_master_rd.v">
      <FileInfo>
        <Attr Name="ImportPath" Val="$PPRDIR/../../../../../../../common/fpga/hdl/axi_master_rd.v"/>
        <Attr Name="ImportTime" Val="1377912834"/>
        <Attr Name="UsedInSynthesis" Val="1"/>
        <Attr Name="UsedInImplementation" Val="1"/>
        <Attr Name="UsedInSimulation" Val="1"/>
      </FileInfo>
    </File>
    <File Path="$PSRCDIR/sources_1/imports/parallella-hw/common/fpga/hdl/toggle2pulse.v">
      <FileInfo>
        <Attr Name="ImportPath" Val="$PPRDIR/../../../../../../../common/fpga/hdl/toggle2pulse.v"/>
        <Attr Name="ImportTime" Val="1377912834"/>
        <Attr Name="UsedInSynthesis" Val="1"/>
        <Attr Name="UsedInImplementation" Val="1"/>
        <Attr Name="UsedInSimulation" Val="1"/>
      </FileInfo>
    </File>
    <File Path="$PSRCDIR/sources_1/imports/parallella-hw/common/fpga/hdl/fifo.v">
      <FileInfo>
        <Attr Name="ImportPath" Val="$PPRDIR/../../../../../../../common/fpga/hdl/fifo.v"/>
        <Attr Name="ImportTime" Val="1377912834"/>
        <Attr Name="UsedInSynthesis" Val="1"/>
        <Attr Name="UsedInImplementation" Val="1"/>
        <Attr Name="UsedInSimulation" Val="1"/>
      </FileInfo>
    </File>
    <File Path="$PSRCDIR/sources_1/imports/parallella-hw/common/fpga/hdl/mux4.v">
      <FileInfo>
        <Attr Name="ImportPath" Val="$PPRDIR/../../../../../../../common/fpga/hdl/mux4.v"/>
        <Attr Name="ImportTime" Val="1377912834"/>
        <Attr Name="UsedInSynthesis" Val="1"/>
        <Attr Name="UsedInImplementation" Val="1"/>
        <Attr Name="UsedInSimulation" Val="1"/>
      </FileInfo>
    </File>
    <File Path="$PSRCDIR/sources_1/imports/parallella-hw/common/fpga/hdl/axi_master_wr.v">
      <FileInfo>
        <Attr Name="ImportPath" Val="$PPRDIR/../../../../../../../common/fpga/hdl/axi_master_wr.v"/>
        <Attr Name="ImportTime" Val="1377912834"/>
        <Attr Name="UsedInSynthesis" Val="1"/>
        <Attr Name="UsedInImplementation" Val="1"/>
        <Attr Name="UsedInSimulation" Val="1"/>
      </FileInfo>
    </File>
    <File Path="$PSRCDIR/sources_1/imports/parallella-hw/common/fpga/hdl/axi_elink_if.v">
      <FileInfo>
        <Attr Name="ImportPath" Val="$PPRDIR/../../../../../../../common/fpga/hdl/axi_elink_if.v"/>
        <Attr Name="ImportTime" Val="1377912834"/>
        <Attr Name="UsedInSynthesis" Val="1"/>
        <Attr Name="UsedInImplementation" Val="1"/>
        <Attr Name="UsedInSimulation" Val="1"/>
      </FileInfo>
    </File>
    <File Path="$PSRCDIR/sources_1/imports/parallella-hw/common/fpga/hdl/axi_slave.v">
      <FileInfo>
        <Attr Name="ImportPath" Val="$PPRDIR/../../../../../../../common/fpga/hdl/axi_slave.v"/>
        <Attr Name="ImportTime" Val="1377912834"/>
        <Attr Name="UsedInSynthesis" Val="1"/>
        <Attr Name="UsedInImplementation" Val="1"/>
        <Attr Name="UsedInSimulation" Val="1"/>
      </FileInfo>
    </File>
    <File Path="$PSRCDIR/sources_1/imports/parallella-hw/common/fpga/hdl/axi_slave_rd.v">
      <FileInfo>
        <Attr Name="ImportPath" Val="$PPRDIR/../../../../../../../common/fpga/hdl/axi_slave_rd.v"/>
        <Attr Name="ImportTime" Val="1377912834"/>
        <Attr Name="UsedInSynthesis" Val="1"/>
        <Attr Name="UsedInImplementation" Val="1"/>
        <Attr Name="UsedInSimulation" Val="1"/>
      </FileInfo>
    </File>
    <File Path="$PSRCDIR/sources_1/imports/parallella-hw/common/fpga/hdl/ewrapper_link_transmitter.v">
      <FileInfo>
        <Attr Name="ImportPath" Val="$PPRDIR/../../../../../../../common/fpga/hdl/ewrapper_link_transmitter.v"/>
        <Attr Name="ImportTime" Val="1377912834"/>
        <Attr Name="UsedInSynthesis" Val="1"/>
        <Attr Name="UsedInImplementation" Val="1"/>
        <Attr Name="UsedInSimulation" Val="1"/>
      </FileInfo>
    </File>
    <File Path="$PSRCDIR/sources_1/imports/parallella-hw/common/fpga/hdl/fpgacfg.v">
      <FileInfo>
        <Attr Name="ImportPath" Val="$PPRDIR/../../../../../../../common/fpga/hdl/fpgacfg.v"/>
        <Attr Name="ImportTime" Val="1377912834"/>
        <Attr Name="UsedInSynthesis" Val="1"/>
        <Attr Name="UsedInImplementation" Val="1"/>
        <Attr Name="UsedInSimulation" Val="1"/>
      </FileInfo>
    </File>
    <File Path="$PSRCDIR/sources_1/imports/parallella-hw/common/fpga/hdl/axi_slave_addrch.v">
      <FileInfo>
        <Attr Name="ImportPath" Val="$PPRDIR/../../../../../../../common/fpga/hdl/axi_slave_addrch.v"/>
        <Attr Name="ImportTime" Val="1377912834"/>
        <Attr Name="UsedInSynthesis" Val="1"/>
        <Attr Name="UsedInImplementation" Val="1"/>
        <Attr Name="UsedInSimulation" Val="1"/>
      </FileInfo>
    </File>
    <File Path="$PSRCDIR/sources_1/imports/parallella-hw/common/fpga/hdl/fifo_full_block.v">
      <FileInfo>
        <Attr Name="ImportPath" Val="$PPRDIR/../../../../../../../common/fpga/hdl/fifo_full_block.v"/>
        <Attr Name="ImportTime" Val="1377912834"/>
        <Attr Name="UsedInSynthesis" Val="1"/>
        <Attr Name="UsedInImplementation" Val="1"/>
        <Attr Name="UsedInSimulation" Val="1"/>
      </FileInfo>
    </File>
    <Config>
      <Option Name="DesignMode" Val="RTL"/>
      <Option Name="TopModule" Val="parallella_7020_top"/>
      <Option Name="TopLib" Val="work"/>
      <Option Name="TopRTLFile" Val="$PPRDIR/../../../../parallella16_z7020_hdmi_600mhz/parallella16_z7020_hdmi_600mhz.srcs/sources_1/imports/fpga_links/parallella_7020_top.v"/>
      <Option Name="TopAutoSet" Val="TRUE"/>
    </Config>
  </FileSet>
</DARoots>
